date,sentiment
2017-01-01,0.1590528637170791
2017-01-03,0.08130888771265746
2017-01-04,0.09031049422919749
2017-01-05,-0.047249245923012495
2017-01-06,-0.01810893658548598
2017-01-08,0.2562094703316688
2017-01-09,0.16334797175867213
2017-01-10,0.11303057149052619
2017-01-11,0.010579480230808255
2017-01-12,0.04104180674767123
2017-01-13,0.14108215090818704
2017-01-14,-0.0016680636576243532
2017-01-15,-0.08604225609451532
2017-01-16,0.1666047796607017
2017-01-17,0.20528359990566966
2017-01-18,-0.025620194151997563
2017-01-19,0.022051097618208965
2017-01-20,0.13199233232686916
2017-01-21,0.0025279552986224494
2017-01-22,0.0871291607618331
2017-01-23,-0.12483271708091097
2017-01-24,-0.007184317335486426
2017-01-25,0.19156036033139875
2017-01-26,0.1155421191028186
2017-01-27,-0.0008482284843921619
2017-01-28,-0.0488900803029537
2017-01-29,-0.1722888052463531
2017-01-30,0.19228222469488776
2017-01-31,0.047504922747612
2017-02-01,0.10703267840047677
2017-02-02,0.2592232333762305
2017-02-03,0.022737985849380485
2017-02-04,0.04956090051148617
2017-02-05,-0.03128604094187417
2017-02-06,0.2175431549549102
2017-02-07,-0.05422128612796466
2017-02-08,0.14659968266884485
2017-02-09,0.04563330059104102
2017-02-10,-0.03366011921316386
2017-02-12,0.0515768378973007
2017-02-13,-0.021667805337347062
2017-02-14,-0.09524243084403376
2017-02-15,0.11226145247928794
2017-02-16,-0.040583682060241696
2017-02-17,0.17017884925007817
2017-02-18,0.051119306683540346
2017-02-19,0.207905039191246
2017-02-20,-0.09530150843784208
2017-02-21,0.18742648201684153
2017-02-22,0.17654771581292147
2017-02-23,-0.19826798513531682
2017-02-24,0.1596772223711014
2017-02-25,0.09245661397775014
2017-02-26,-0.21818152815103525
2017-02-27,0.09618087187409399
2017-02-28,0.0499399582899752
2017-03-01,-0.01954260251174372
2017-03-02,0.20867909705266358
2017-03-03,0.09614241449162364
2017-03-04,-0.24663553280489786
2017-03-05,0.2822779715061188
2017-03-06,-0.07503709857436744
2017-03-07,0.232145469635725
2017-03-08,-0.13670781095113077
2017-03-09,0.023066295621295786
2017-03-10,-0.014629247660438228
2017-03-11,-0.014202134890688759
2017-03-12,0.1720669269561767
2017-03-13,-0.18562858104705807
2017-03-14,-0.15859590098261833
2017-03-15,-0.21548309177160263
2017-03-16,-0.008778824470937276
2017-03-17,-0.051549468505462374
2017-03-19,0.19660755495230353
2017-03-20,0.103519681841135
2017-03-22,0.013361066890259577
2017-03-23,0.041774310356192015
2017-03-24,-0.1246181502938271
2017-03-25,-0.1426137089729309
2017-03-27,0.2395913302898407
2017-03-28,0.07744135914577374
2017-03-29,-0.017626466695219316
2017-03-30,0.012113221765806243
2017-03-31,-0.05394267994496555
2017-04-01,0.19694586719075835
2017-04-02,0.16370281577110285
2017-04-03,0.10645190295245911
2017-04-04,0.06535768539955215
2017-04-05,0.06594644044525919
2017-04-06,0.0632928923836776
2017-04-07,0.024011319881537922
2017-04-08,0.0986584797501564
2017-04-09,0.009853698623677099
2017-04-10,0.11557778995484112
2017-04-11,-0.038778512179851565
2017-04-12,0.004074316238984462
2017-04-13,0.09683029885802948
2017-04-14,0.1737638339400291
2017-04-15,0.24533966835588214
2017-04-17,0.1270308910558621
2017-04-18,0.043423789154206006
2017-04-19,-0.024173000295247358
2017-04-20,0.19239357933402057
2017-04-25,0.16879744641482824
2017-04-26,-0.06591663820048173
2017-04-27,-0.014109947452587732
2017-04-28,0.15121820072333014
2017-04-29,-0.0327721349895
2017-05-01,0.1550389674625226
2017-05-02,0.054440882056951495
2017-05-03,-0.013899251818656894
2017-05-04,0.030074511903027696
2017-05-05,-0.060072261773582
2017-05-06,0.08193878456950185
2017-05-08,0.06501544706730376
2017-05-09,0.1939245701457063
2017-05-10,-0.08986059422878656
2017-05-11,-0.04159845991267099
2017-05-12,0.046276132265726695
2017-05-13,0.1208922937512397
2017-05-14,0.3230096995830536
2017-05-15,0.07178766967263073
2017-05-16,0.18941597392161688
2017-05-17,0.0929982261441182
2017-05-18,-0.03369073197245597
2017-05-19,-0.1437276117503643
2017-05-20,-0.06333376374095676
2017-05-21,-0.13064962582519418
2017-05-22,0.13479233531979845
2017-05-23,0.2108103803225926
2017-05-24,0.13786957572613442
2017-05-25,0.08268112433142959
2017-05-26,-0.04866284690797329
2017-05-28,0.3240991259614627
2017-05-30,-0.004019184836319523
2017-05-31,0.15002699419856072
2017-06-01,0.1293161152344611
2017-06-02,-0.007979924604296699
2017-06-03,-0.25596409291028976
2017-06-04,0.0586843304336071
2017-06-05,0.02172847390174866
2017-06-06,0.0024447040050291
2017-06-07,0.2126334980130195
2017-06-08,0.05414478480815886
2017-06-09,-0.16908288995424905
2017-06-10,-0.014735590666532508
2017-06-11,0.21911726426333186
2017-06-12,-0.030558349254230666
2017-06-13,-0.09219566546380517
2017-06-14,-0.06223921941339294
2017-06-15,0.025480974465608597
2017-06-16,0.3363718390464782
2017-06-17,-0.06206864211708307
2017-06-18,0.14944939129054546
2017-06-19,0.18582167807552546
2017-06-20,-0.033771554274218456
2017-06-21,0.04646359384059906
2017-06-22,-0.13395670154131947
2017-06-23,-0.03731754518230446
2017-06-24,0.2697142884135246
2017-06-25,0.0566323138773441
2017-06-26,0.06760092172771691
2017-06-27,0.1205659910248449
2017-06-28,0.19616828262805935
2017-06-29,-0.12832573304573694
2017-06-30,-0.12246445442239444
2017-07-01,0.15160300955176348
2017-07-02,0.163482666015625
2017-07-03,0.09339716223378973
2017-07-04,0.0259966794401407
2017-07-05,0.16611867025494573
2017-07-06,-0.0622756965458393
2017-07-07,-0.0623773820698261
2017-07-08,-0.022683324292302152
2017-07-09,-0.033783949911594405
2017-07-10,-0.1904089450836181
2017-07-11,0.12754923052021433
2017-07-12,0.049306235575516284
2017-07-13,0.12110444204881785
2017-07-14,-0.03656152635812758
2017-07-15,0.13373422250151634
2017-07-16,0.14129699952900404
2017-07-17,0.03815927077084781
2017-07-18,0.08631346167789565
2017-07-19,0.0749895442277193
2017-07-20,-0.009081624448299424
2017-07-21,-0.1688171446323395
2017-07-22,0.08880765922367573
2017-07-23,-0.0323511213064194
2017-07-24,-0.3133510649204254
2017-07-25,0.05542076627413433
2017-07-26,0.015204320506503196
2017-07-27,0.07447905205190182
2017-07-28,0.005526953935623158
2017-07-29,-0.0596334040164947
2017-07-30,-0.1911486387252807
2017-07-31,0.17313858618338898
2017-08-01,0.10605420917272568
2017-08-02,0.01836265517132622
2017-08-03,-0.042271205948458804
2017-08-04,-0.025551631187017136
2017-08-05,-0.17289810255169866
2017-08-06,0.06857822259718721
2017-08-07,0.06935794353485106
2017-08-08,0.1422974275838997
2017-08-09,0.012815361469984016
2017-08-10,0.010691117184857537
2017-08-11,0.026401584347089137
2017-08-12,0.1723018437623977
2017-08-14,-0.13549129773552218
2017-08-15,0.27615858614444727
2017-08-16,0.05845305991048613
2017-08-17,0.07380986626126933
2017-08-18,-0.05686088651418686
2017-08-19,-0.22712454944849012
2017-08-20,0.0865241372957825
2017-08-21,0.3795632719993591
2017-08-23,0.07428683601319785
2017-08-24,-0.085050490219146
2017-08-25,-0.24923871254379096
2017-08-26,0.005692897178232662
2017-08-27,-0.23064813017845148
2017-08-28,0.03128327392041683
2017-08-29,-0.08583062848386662
2017-08-30,-0.15271451957523824
2017-08-31,-0.08281178772449495
2017-09-01,-0.1218234525563625
2017-09-03,-0.10110003873705864
2017-09-04,-0.1691619902849197
2017-09-05,0.026183955570948974
2017-09-06,-0.012730721251240794
2017-09-07,-0.10431184666231275
2017-09-08,-0.14868140220642084
2017-09-09,0.07759346067905426
2017-09-10,0.03128635138273237
2017-09-11,-0.08246130165126592
2017-09-12,-0.02183024212718007
2017-09-13,0.08827826109799472
2017-09-14,-0.08179807942360634
2017-09-15,0.14887995249591768
2017-09-16,0.19503923753897348
2017-09-17,0.018493903063548117
2017-09-18,0.07883103936910625
2017-09-19,-0.13677694648504257
2017-09-20,0.0781407095491886
2017-09-21,0.18064298853278155
2017-09-22,0.04889762401580807
2017-09-23,-0.165632426738739
2017-09-24,0.24491549655795097
2017-09-25,0.22210638523101803
2017-09-26,0.11661781184375285
2017-09-27,-0.0217769593000412
2017-09-28,0.17513187229633329
2017-09-29,0.022626865655183775
2017-09-30,0.05243843980133531
2017-10-01,-0.1678408607840538
2017-10-02,0.03536731625596683
2017-10-03,0.13485184725787905
2017-10-04,0.11453521922230721
2017-10-05,0.06474089023790187
2017-10-06,0.06352216005325316
2017-10-08,-0.10928129213040366
2017-10-09,-0.017555511246124905
2017-10-10,0.06808571737598289
2017-10-11,0.01430502442997835
2017-10-12,0.22997050546109676
2017-10-13,0.04193992509196199
2017-10-14,0.0996364061720669
2017-10-15,0.03191787749528886
2017-10-16,0.07528605498373506
2017-10-17,0.19930462352931494
2017-10-18,0.13144077411429445
2017-10-19,-0.03368362518293518
2017-10-20,0.045939064584672416
2017-10-21,0.0636708438396453
2017-10-22,0.3443728983402252
2017-10-23,0.0471398718655109
2017-10-24,0.20541880031426743
2017-10-25,-0.14110614328334722
2017-10-26,0.1652400940656662
2017-10-27,-0.009121959097683475
2017-10-28,0.1173464357852935
2017-10-30,0.20794165879487989
2017-10-31,0.17575963586568827
2017-11-01,0.1089260023501184
2017-11-02,0.14589726179838183
2017-11-03,0.07980993855744599
2017-11-04,0.1664335124194622
2017-11-05,-0.08643060512840746
2017-11-06,0.10393797428431832
2017-11-07,0.0715514081530273
2017-11-08,0.11208086020567198
2017-11-09,0.15233141630887978
2017-11-10,0.011914969980716682
2017-11-11,-0.045464618504047385
2017-11-13,0.02241869254170786
2017-11-14,0.037309484789147966
2017-11-15,-0.06852220983377523
2017-11-16,-0.03438134415126923
2017-11-17,0.0074528200285775325
2017-11-18,0.0036130488539735293
2017-11-19,0.09821373783051968
2017-11-20,-0.01404842388417037
2017-11-21,0.11484995437785983
2017-11-22,0.035371242520900875
2017-11-23,-0.12428394444286824
2017-11-24,0.05119301937520504
2017-11-25,0.06884820573031902
2017-11-26,-0.001930603757500645
2017-11-27,0.051885791122913395
2017-11-28,0.11544060458739597
2017-11-29,0.0011259365294660761
2017-11-30,-0.007234622910618776
2017-12-03,0.07538141918485049
2017-12-04,0.06712507214397193
2017-12-05,0.010069748100179866
2017-12-06,-0.053385828621685505
2017-12-07,-0.14737654803320765
2017-12-08,0.09452558681368824
2017-12-09,-0.08963118555645148
2017-12-10,0.0347552113234996
2017-12-11,0.11005703173577784
2017-12-12,0.21123977005481726
2017-12-13,0.07512567059269973
2017-12-14,0.13955141440965232
2017-12-15,-0.01479068054602697
2017-12-16,0.09845933690667152
2017-12-17,0.10324705205857754
2017-12-18,0.1656693604974342
2017-12-19,-0.11186400198494083
2017-12-20,-0.07672213111072777
2017-12-21,0.04896975606679919
2017-12-22,-0.04185969405807555
2017-12-23,-0.1332405805587768
2017-12-24,0.06219793558120725
2017-12-25,0.1938954293727874
2017-12-26,0.0066884916863943576
2017-12-27,-0.04776560639341671
2017-12-28,-0.016141692797342965
2017-12-29,0.022341769188642484
2017-12-30,0.005587744526565083
2017-12-31,-0.23565066754817962
2018-01-01,-0.2599008679389953
2018-01-03,0.1654785896341006
2018-01-04,-0.05098299788577216
2018-01-05,0.08087250093619026
2018-01-06,-0.04948534257709977
2018-01-08,-0.03988681148205486
2018-01-09,-0.004114255309104947
2018-01-10,-0.012804162688553333
2018-01-11,0.0863301396369934
2018-01-12,-0.008494758131829172
2018-01-13,-0.11032313667237757
2018-01-14,-0.032004173922662936
2018-01-15,0.10144923999905582
2018-01-16,0.2232757061719894
2018-01-17,-0.0345989940688014
2018-01-18,0.09427256640893492
2018-01-19,0.0718557180629836
2018-01-20,-0.11981707774102687
2018-01-21,0.12388317535320915
2018-01-22,-0.2480194047093391
2018-01-23,-0.07587700890144336
2018-01-24,0.21053237095475194
2018-01-25,0.22233182564377782
2018-01-26,-0.036432912754308856
2018-01-27,0.0048234923742711
2018-01-28,-0.0597995743155479
2018-01-29,0.0975196798642476
2018-01-30,0.13557361578568816
2018-01-31,-0.016889064784415753
2018-02-01,0.07311623655259608
2018-02-02,0.11736037954688071
2018-02-03,0.07717218746741612
2018-02-04,-0.09468729918201764
2018-02-05,0.029535657167434688
2018-02-06,0.16476001031696796
2018-02-07,0.13148718290030953
2018-02-08,0.18130868331839642
2018-02-09,0.15849193930625916
2018-02-11,0.032239872962236404
2018-02-12,-0.23480011895298958
2018-02-13,-0.006327753886580435
2018-02-14,0.16847454011440277
2018-02-15,0.18039843101393088
2018-02-16,0.09224746255204079
2018-02-17,0.1903009414672851
2018-02-18,0.096542090177536
2018-02-19,0.12456918300853835
2018-02-20,0.3223077754179636
2018-02-21,0.05176667869091032
2018-02-22,-0.16585789869228998
2018-02-23,-0.002669662702828685
2018-02-24,-0.0344620272517204
2018-02-25,0.2604093626141548
2018-02-26,-0.18836750010294573
2018-02-27,0.04258430169688332
2018-02-28,0.08150395468391221
2018-03-01,0.02500697597861288
2018-03-02,0.2652786895632744
2018-03-03,-0.21366795152425766
2018-03-04,0.0357268489897251
2018-03-05,-0.0408344320769954
2018-03-06,0.08367895982228218
2018-03-07,0.10890781804919239
2018-03-08,0.10375969111919403
2018-03-09,0.016546851701357113
2018-03-10,0.08888540323823693
2018-03-11,-0.04111202396452426
2018-03-12,0.0005682839546352486
2018-03-13,0.10144800692796703
2018-03-14,0.07470474640528356
2018-03-15,0.06969682425260545
2018-03-16,0.04182428121566774
2018-03-17,0.050230881199240685
2018-03-18,0.12007450750097634
2018-03-19,0.10180893655006702
2018-03-20,0.1650530509650707
2018-03-21,0.00475888202587763
2018-03-22,0.04079188015311956
2018-03-23,0.2306206226348877
2018-03-24,0.035134563595056525
2018-03-25,0.19376373291015625
2018-03-26,0.10950262332335113
2018-03-27,0.05792724092025307
2018-03-28,0.0950609818100929
2018-03-29,0.061466571502387525
2018-03-30,-0.0415839478373527
2018-03-31,0.26217982918024063
2018-04-01,0.11911444365978235
2018-04-02,-0.28123474972588675
2018-04-03,-0.006819672882556901
2018-04-04,-0.07781685743894842
2018-04-05,0.16044266149401665
2018-04-06,-0.20102630108594893
2018-04-07,-0.1883589923381805
2018-04-08,-0.06962423274914424
2018-04-09,-0.03100763953157832
2018-04-10,-0.12408887005100648
2018-04-11,-0.008472760292616743
2018-04-12,0.11590401579936342
2018-04-13,-0.30249687284231186
2018-04-14,-0.057260202864805876
2018-04-15,-0.22892634760189265
2018-04-16,0.0177533986667792
2018-04-17,0.02532434224018029
2018-04-18,0.1731301382184028
2018-04-19,0.004598865130295347
2018-04-20,0.004285329952836054
2018-04-21,0.160123336315155
2018-04-22,-0.016215145587921156
2018-04-23,0.49632175266742706
2018-04-24,-0.07468347251415253
2018-04-25,-0.09247104823589325
2018-04-26,-0.0923414602875709
2018-04-27,-0.03471343661658464
2018-04-28,-0.03118450939655304
2018-04-30,-0.022778791685899136
2018-05-01,0.04703515172004698
2018-05-02,0.04939153417944907
2018-05-03,0.009007340949028738
2018-05-04,0.23106596212495456
2018-05-05,0.16859111711382865
2018-05-06,-0.161670288437921
2018-05-07,-0.0877167334960353
2018-05-08,-0.03790012016696367
2018-05-09,0.19333351124078035
2018-05-10,0.14457379095256326
2018-05-11,0.017510111629962945
2018-05-12,-0.03013075888156894
2018-05-13,0.1548913232982159
2018-05-14,0.0891283757984638
2018-05-15,0.03154398649930949
2018-05-16,0.043143686838448075
2018-05-17,0.03710441840322394
2018-05-18,-0.10298588685691351
2018-05-20,0.07615960049442945
2018-05-21,0.05487758573144674
2018-05-22,0.060624060531457226
2018-05-23,0.11254985816776751
2018-05-24,0.050058210268616676
2018-05-25,-0.005903986981138601
2018-05-26,-0.20485569536685938
2018-05-27,-0.15948634594678876
2018-05-28,0.04377364491422973
2018-05-29,0.12408909201622
2018-05-30,0.20941666265328726
2018-05-31,-0.10526721179485324
2018-06-01,0.0990621723234653
2018-06-03,-0.0840570032596588
2018-06-04,0.05639328621327874
2018-06-05,0.28854683538277937
2018-06-06,-0.2788922563195228
2018-06-07,-0.07731137098744514
2018-06-08,-0.19940630098183945
2018-06-09,0.3567685186862945
2018-06-10,0.4048526883125305
2018-06-11,0.1212770715355873
2018-06-12,0.2620114565361291
2018-06-13,0.05437151761725545
2018-06-14,-0.0737412084514896
2018-06-15,0.007959692738950253
2018-06-16,-0.048119716346263865
2018-06-17,0.19255349598824975
2018-06-18,0.13286118116229767
2018-06-19,-0.08889670563595639
2018-06-20,0.22700929020841912
2018-06-21,-0.09028635783628985
2018-06-22,-0.00738050119782038
2018-06-23,0.13707371428608897
2018-06-24,0.03956146538257595
2018-06-25,0.2911690846085548
2018-06-26,0.11879475899040699
2018-06-27,0.06115927298863727
2018-06-28,0.027747577721519128
2018-06-29,-0.0859597735106945
2018-06-30,0.0149131827056408
2018-07-02,-0.1349383145570755
2018-07-03,0.20915914699435229
2018-07-05,-0.0666849883273244
2018-07-06,0.10322052165865896
2018-07-07,0.18506399253383277
2018-07-08,0.0091590629890561
2018-07-09,0.07669309712946415
2018-07-10,0.11943053882569074
2018-07-11,0.08661882366452898
2018-07-12,0.20302653416163388
2018-07-13,0.1695962126056353
2018-07-14,0.012990397478764237
2018-07-15,-0.007053755223751096
2018-07-16,0.03574580273457934
2018-07-17,0.0668049285886809
2018-07-18,0.16226455383002755
2018-07-19,0.09805814165156335
2018-07-20,0.3705799132585525
2018-07-21,0.22084391675889486
2018-07-22,0.293050080537796
2018-07-23,0.2850058649977048
2018-07-24,0.24299013614654538
2018-07-25,0.1281499797478318
2018-07-26,0.11237493104168342
2018-07-27,0.14549885938564933
2018-07-28,0.10623916387557981
2018-07-29,-0.003974267592032732
2018-07-30,0.041789175082857795
2018-07-31,0.14712788388133047
2018-08-01,0.20554634183645246
2018-08-02,0.14297334204117457
2018-08-03,0.10851122211664915
2018-08-04,0.1302833451817815
2018-08-05,0.4388337135314941
2018-08-06,0.07227234467864038
2018-08-07,0.161084211963628
2018-08-08,0.16830719808737435
2018-08-09,0.11336967870593068
2018-08-10,0.1685937394698461
2018-08-11,0.026857682969421127
2018-08-12,-0.05134477217992143
2018-08-13,-0.07652880251407623
2018-08-14,-0.15835737064480782
2018-08-15,-0.0777095213532448
2018-08-16,0.040521912276744856
2018-08-17,0.16142665346463517
2018-08-18,0.03044756203889844
2018-08-19,-0.11852489411830902
2018-08-20,0.1981428787112236
2018-08-21,0.277983695268631
2018-08-22,-0.045499423137781284
2018-08-23,0.18086338415741918
2018-08-24,0.16890413220971817
2018-08-25,-0.11397133255377413
2018-08-26,0.21186301205307245
2018-08-27,-0.03311291352535289
2018-08-28,-0.0559679791331291
2018-08-29,0.06986720052858196
2018-08-30,0.08398549773846752
2018-08-31,0.24533330116953164
2018-09-01,0.13636559620499605
2018-09-02,-0.11493248740832011
2018-09-03,-0.12010600169499709
2018-09-04,0.038166657090187066
2018-09-05,0.01692032897844911
2018-09-06,0.05643255370003835
2018-09-07,0.2173735706342591
2018-09-08,0.3088230192661285
2018-09-09,0.024530722626617978
2018-09-10,0.09087554001334036
2018-09-11,0.1123929399996996
2018-09-12,0.020862232893705365
2018-09-13,0.058289765752851955
2018-09-14,-0.0008622512221336587
2018-09-15,-0.1960067804902792
2018-09-17,0.0920082926750183
2018-09-18,0.1513969749212265
2018-09-19,0.14598302232722438
2018-09-20,0.1163121107965707
2018-09-21,0.27972582355141634
2018-09-22,-0.11769818762938179
2018-09-23,0.3491685539484024
2018-09-24,0.06598463258706033
2018-09-25,-0.028803810477256803
2018-09-26,-0.0133238159120083
2018-09-27,0.13145349323749544
2018-09-28,0.030125961452722533
2018-09-29,0.021564414103825858
2018-09-30,0.3099400550127029
2018-10-01,0.31116715818643564
2018-10-02,0.10309848257262881
2018-10-03,-0.005066801069511317
2018-10-04,-0.0635932027362287
2018-10-05,-0.059774223715066924
2018-10-06,-0.1022733120868603
2018-10-07,0.1600700467824936
2018-10-08,0.21347921341657636
2018-10-09,-0.07306315335962506
2018-10-10,0.004556572437286357
2018-10-11,0.16108474601060152
2018-10-12,0.2925829160958528
2018-10-13,0.24561368525028224
2018-10-14,0.31453199684619904
2018-10-15,0.22972029745578762
2018-10-16,0.11297723762691021
2018-10-17,-0.08672465969409261
2018-10-18,0.004118641838431343
2018-10-19,-0.12031595036387441
2018-10-20,0.22537646442651743
2018-10-22,0.018884934484958666
2018-10-23,0.11262010261416429
2018-10-24,0.10116448470701776
2018-10-25,0.06446167528629303
2018-10-26,0.08782926175211155
2018-10-27,0.15702167650063828
2018-10-28,0.01745274290442465
2018-10-29,0.24916584896189825
2018-10-30,0.11030199844390154
2018-10-31,0.13337728855284775
2018-11-01,0.1415769876422066
2018-11-02,0.12210809076204894
2018-11-03,-0.2841879427433014
2018-11-04,0.1354783028364181
2018-11-05,0.026928985025733685
2018-11-06,0.05336272171033279
2018-11-07,0.22959932847879827
2018-11-08,0.15871810019016264
2018-11-09,0.2000100633927754
2018-11-10,0.41130533814430237
2018-11-12,0.15749325137585402
2018-11-13,0.11719316244125366
2018-11-14,0.13735036551952362
2018-11-15,0.023238838960727065
2018-11-16,-0.2275799624621868
2018-11-17,0.002711375554402697
2018-11-18,0.2257270105183124
2018-11-19,0.20204683048650623
2018-11-20,0.05601832394798597
2018-11-21,-0.015158024720019765
2018-11-22,0.018152952194213895
2018-11-23,-0.2235548533499241
2018-11-24,-0.06258793671925865
2018-11-25,-0.157987829297781
2018-11-26,0.17071055124203363
2018-11-27,0.16460013687610625
2018-11-28,-0.010756023849050203
2018-11-29,-0.08588521713390944
2018-11-30,-0.17629833519458765
2018-12-01,-0.2729324102401733
2018-12-02,0.485696017742157
2018-12-03,0.1278955203791459
2018-12-04,0.20560370781458914
2018-12-05,0.0916418789420277
2018-12-06,-0.14550417302442448
2018-12-07,-0.2708266524817137
2018-12-08,-0.17855111669216836
2018-12-09,-0.16612855717539787
2018-12-10,0.1931668656567732
2018-12-11,0.2568816716472308
2018-12-12,0.08687288090586662
2018-12-13,0.06617257384849447
2018-12-14,0.1312499167397618
2018-12-15,-0.052329234778881
2018-12-16,0.0887284204363823
2018-12-17,-0.0252342354506254
2018-12-18,-0.20165768327812353
2018-12-19,-0.05480195069685578
2018-12-20,0.070484799798578
2018-12-21,-0.09246316484429622
2018-12-22,-0.2520498111844062
2018-12-23,0.148165762424469
2018-12-24,-0.0643589526414871
2018-12-25,0.0023319453466683
2018-12-26,0.0013875677250325819
2018-12-27,-0.0528619660375019
2018-12-28,-0.12084163539111611
2018-12-29,-0.028162401169538498
2018-12-31,0.16634784117341034
2019-01-01,0.11123549193143845
2019-01-02,0.03501853408912817
2019-01-03,-0.026924018561840034
2019-01-04,-0.12751430024703345
2019-01-05,-0.05163274581233657
2019-01-07,-0.09211024890343346
2019-01-08,0.003809561952948577
2019-01-09,0.05573701672255994
2019-01-10,0.12917103338986632
2019-01-11,-0.02877226099371913
2019-01-12,0.2914902263631423
2019-01-13,0.0563142634928226
2019-01-14,-0.024303012038581085
2019-01-15,0.1593085924784342
2019-01-16,0.08764141673843066
2019-01-17,0.06535408478230238
2019-01-18,0.11997673008590934
2019-01-19,0.1046815831214189
2019-01-20,-0.033117773632208504
2019-01-21,0.039229923859238625
2019-01-23,0.19192399084568018
2019-01-24,-0.04982672166079283
2019-01-25,0.10896074958145617
2019-01-26,0.236587792634964
2019-01-27,0.07741275678078337
2019-01-28,0.28455558419227595
2019-01-29,0.1650094755280476
2019-01-30,0.10350052695721387
2019-01-31,0.06375660002231595
2019-02-01,0.12577624043280428
2019-02-02,0.0883587419521063
2019-02-03,0.0016427561640738955
2019-02-04,0.14295379668474198
2019-02-05,0.13706915639340878
2019-02-06,-0.0606467246876231
2019-02-07,-0.03223427555834254
2019-02-08,0.0730288606137037
2019-02-09,0.29919447749853134
2019-02-10,-0.1750656068325042
2019-02-11,0.07913768912355103
2019-02-12,-0.027823952492326498
2019-02-13,0.15199806665380794
2019-02-14,0.008458408713340759
2019-02-15,0.07184077861408392
2019-02-16,-0.0010585788016518004
2019-02-17,-0.05556507781147955
2019-02-18,0.03281209536362438
2019-02-19,0.10471807380339924
2019-02-20,-0.028439351543784123
2019-02-21,0.12397070725758869
2019-02-22,0.12505125937362507
2019-02-23,-0.13416350570817784
2019-02-24,0.18408790727456412
2019-02-25,0.031427808105945566
2019-02-26,0.1485313894227147
2019-02-27,0.16792090584834415
2019-02-28,-0.0861621084312598
2019-03-01,0.11410642495112759
2019-03-02,0.0122919969938018
2019-03-03,0.15304474532604218
2019-03-04,0.0399935853977998
2019-03-05,0.15890124440193176
2019-03-06,0.1345193963497877
2019-03-07,0.09927741345018147
2019-03-08,-0.22757993675768376
2019-03-09,-0.10303047299385071
2019-03-10,0.24086868762969965
2019-03-11,-0.048473779281431956
2019-03-12,0.17549701733514664
2019-03-13,0.047040802426636205
2019-03-14,-0.09859321059452163
2019-03-15,0.13277584650599497
2019-03-17,0.16103009879589078
2019-03-18,0.09771218895912169
2019-03-19,0.02316333140645705
2019-03-20,0.18977230414748192
2019-03-21,0.1481422445633345
2019-03-22,-0.008355579525232299
2019-03-23,0.0240428391844034
2019-03-25,-0.003295064770749625
2019-03-26,0.23828314524143937
2019-03-27,0.11450235514591134
2019-03-28,0.10863498256852226
2019-03-29,0.17990346891539435
2019-03-30,-0.10630190819501877
2019-03-31,-0.0793352872133255
2019-04-01,-0.18843179539992258
2019-04-02,-0.0789868514984846
2019-04-03,0.13838769122958183
2019-04-04,-0.24908064305782315
2019-04-05,0.03145988285541534
2019-04-06,0.2886657979339361
2019-04-07,0.2769878208637237
2019-04-08,0.04316121041774751
2019-04-09,0.027968452870845806
2019-04-10,0.19012077152729032
2019-04-11,0.11967337056994436
2019-04-12,0.09400595891240394
2019-04-13,0.08950540050864217
2019-04-14,0.13613843855758506
2019-04-15,0.028842627070844163
2019-04-16,-0.01996774710714817
2019-04-17,0.061503017993850814
2019-04-18,0.2735356539487839
2019-04-19,0.0604018233716487
2019-04-20,0.29864413291215897
2019-04-21,0.325630858540535
2019-04-22,0.02060952200554309
2019-04-23,0.012874122088154166
2019-04-24,0.0733361206948757
2019-04-25,0.12849122798070306
2019-04-26,0.07311593989531197
2019-04-27,0.014945147093385399
2019-04-28,-0.1569842845201492
2019-04-29,-0.024879220586556654
2019-04-30,0.061078954177598156
2019-05-01,-0.05133545845746994
2019-05-02,0.1679382945100466
2019-05-03,0.2555210401614507
2019-05-04,0.2406417466700077
2019-05-05,0.1752086821943521
2019-05-06,-0.0774548198096454
2019-05-07,-0.08271404448896646
2019-05-08,-0.051808439272766314
2019-05-09,-0.03990833567721503
2019-05-10,0.23079824758072695
2019-05-11,-0.0363937523216009
2019-05-12,0.21614834386855364
2019-05-13,0.09345288361821855
2019-05-14,0.2773126736283302
2019-05-15,0.30228333324193957
2019-05-16,0.024360549946626037
2019-05-17,0.07036620502670606
2019-05-18,0.09659024886786934
2019-05-19,0.2082202732563018
2019-05-20,0.07913672258534156
2019-05-21,0.2193349622189998
2019-05-22,0.07796825394034385
2019-05-23,0.11023042102654777
2019-05-24,0.22431245818734166
2019-05-25,0.03520067408680921
2019-05-26,0.11148823332041499
2019-05-27,0.04214337654411787
2019-05-28,0.09207575879991053
2019-05-29,0.04794006492011248
2019-05-30,0.16745076067745682
2019-05-31,-0.09788907784968615
2019-06-01,0.060400739312171936
2019-06-02,0.01528490086396537
2019-06-03,-0.01015952570984767
2019-06-04,0.11054799572697704
2019-06-05,0.035580608248710635
2019-06-06,-0.0129453366001447
2019-06-07,0.01888571892465863
2019-06-08,0.1042336747050285
2019-06-09,-0.3390257507562637
2019-06-10,0.08441876769065855
2019-06-11,0.010572400642558925
2019-06-12,0.1649443053174764
2019-06-13,0.05475900629535317
2019-06-14,-0.1959852129220962
2019-06-15,0.13987749442458144
2019-06-17,0.10876157879829401
2019-06-18,0.2654394454189709
2019-06-19,0.021729742487271626
2019-06-20,-0.04476330615580085
2019-06-21,-0.0442229708035787
2019-06-22,0.0327547565102577
2019-06-23,0.0844905003905296
2019-06-24,-0.2426374480128288
2019-06-25,0.0743964836001396
2019-06-26,0.3317417800426483
2019-06-27,0.07567678019404411
2019-06-28,0.09492177516222
2019-06-30,0.0360216717235744
2019-07-01,0.03003954887390134
2019-07-02,0.12414258811622858
2019-07-03,-0.019253983162343516
2019-07-04,0.1246206983923912
2019-07-07,0.10594170168042183
2019-07-08,0.1704218089580536
2019-07-09,0.007181692402809851
2019-07-10,-0.0261360425502061
2019-07-11,-0.07018821934858958
2019-07-12,0.011967453343624429
2019-07-13,0.20856115221977234
2019-07-15,-0.1609919466651403
2019-07-16,-0.09569647784034409
2019-07-17,-0.1636180840432644
2019-07-18,0.021777227520942688
2019-07-19,-0.04194810502231119
2019-07-20,-0.10496844599644345
2019-07-22,0.0430871583521366
2019-07-24,0.18119553228219346
2019-07-25,0.02702069974371366
2019-07-26,-0.07601220346987245
2019-07-27,0.044122114777564996
2019-07-28,-0.1819474399089813
2019-07-29,0.06409212361489022
2019-07-30,0.13391476217657322
2019-07-31,0.037204952112265995
2019-08-01,0.11434207422037918
2019-08-02,0.06300148077738973
2019-08-03,0.190335638821125
2019-08-05,-0.19248494785279036
2019-08-06,0.10348842106759548
2019-08-07,0.1078786244615912
2019-08-08,0.16771375636259714
2019-08-09,0.11562841944396496
2019-08-10,-0.0024454469482103705
2019-08-11,0.07919688026110332
2019-08-12,0.1991241574287414
2019-08-13,0.08894919852415721
2019-08-14,0.09157561231404544
2019-08-15,0.06417250782251357
2019-08-16,0.14697894518030805
2019-08-17,0.1468985254565874
2019-08-18,0.0424156971275806
2019-08-19,0.05065956152975555
2019-08-20,0.046185195446014446
2019-08-21,-0.032846085727214834
2019-08-22,-0.024679676629602933
2019-08-23,0.15496958419680595
2019-08-24,0.09144394348065059
2019-08-25,0.3645501087109247
2019-08-26,0.017139457787076633
2019-08-27,-0.039778442063834525
2019-08-28,0.16290525346994397
2019-08-29,-0.11121856421232225
2019-08-30,-0.09613549709320067
2019-08-31,-0.2388439178466797
2019-09-01,0.40900512784719467
2019-09-02,0.013068407463530699
2019-09-03,0.2221686691045761
2019-09-04,0.1595513112843036
2019-09-05,-0.12078649597242476
2019-09-06,0.014027453958988165
2019-09-07,-0.13693080097436905
2019-09-08,-0.07238223155339558
2019-09-09,0.07407843880355354
2019-09-10,0.062118064146488905
2019-09-11,0.10156732797622678
2019-09-12,-0.08970982235457216
2019-09-13,-0.20495681045576927
2019-09-14,-0.08021653878192103
2019-09-15,0.11713065207004544
2019-09-16,0.08955219065149624
2019-09-17,0.23118963119174749
2019-09-18,0.19448536187410354
2019-09-19,0.16463537066010756
2019-09-20,0.042241366952657684
2019-09-21,-0.07212614702681701
2019-09-22,0.314410259326299
2019-09-23,0.11741176779781069
2019-09-24,-0.07911745766177773
2019-09-25,-0.028237135459979367
2019-09-26,0.054017634317278865
2019-09-27,0.12479779496788977
2019-09-28,-0.060072041116654845
2019-09-29,0.3217464685440063
2019-09-30,0.02009090657035514
2019-10-01,0.1109959737708171
2019-10-02,-0.038329528644681005
2019-10-03,0.06434641809513172
2019-10-04,0.04750908414522805
2019-10-05,0.3149323463439941
2019-10-07,0.032780067238491015
2019-10-08,0.11638408976917465
2019-10-09,0.04230871312320233
2019-10-10,-0.08506027609109883
2019-10-11,-0.039086028933525
2019-10-12,0.03843342780601232
2019-10-13,0.09035203733947124
2019-10-14,-0.08331354348255056
2019-10-15,0.21501168981194493
2019-10-16,0.1615551635622978
2019-10-17,0.14672165177762508
2019-10-18,0.23914679388205207
2019-10-19,0.04716455982998013
2019-10-21,-0.003917063586413845
2019-10-22,0.06355149671435353
2019-10-23,0.09457882866263385
2019-10-24,-0.09669625014066692
2019-10-25,-0.11841665208339693
2019-10-26,-0.13727081753313536
2019-10-27,-0.0018278161063789767
2019-10-28,-0.2243876088824537
2019-10-29,-0.060623614427944006
2019-10-30,-0.053765439682386125
2019-10-31,0.3424374461174011
2019-11-01,0.1229510977864265
2019-11-02,0.12880363315343854
2019-11-03,-0.02095244328180947
2019-11-04,0.0125038529347096
2019-11-05,0.12210251887639367
2019-11-06,0.06642559471611793
2019-11-07,0.11913534626364708
2019-11-08,0.07027059658007188
2019-11-09,0.09890555217862125
2019-11-10,-0.02358720079064373
2019-11-11,0.12790899770334363
2019-11-12,0.06872268287198882
2019-11-13,0.057852251455187784
2019-11-14,0.04570199054433028
2019-11-15,0.0933909062296152
2019-11-16,0.256738867610693
2019-11-17,0.13224912807345388
2019-11-18,-0.08840961288660765
2019-11-19,-0.0024602543562650507
2019-11-20,0.1358390680203835
2019-11-22,0.27259100228548044
2019-11-23,0.0167189985513687
2019-11-24,0.2325755953788757
2019-11-25,-0.2009855657815933
2019-11-26,0.1805644929409027
2019-11-27,-0.016233796874682085
2019-11-28,-0.08629179298877714
2019-11-29,0.1485324203968048
2019-11-30,0.07965973516305287
2019-12-01,0.19277171542247137
2019-12-02,-0.018712531588971577
2019-12-03,-0.04162640869617465
2019-12-04,0.025605066865682626
2019-12-05,0.009274083810547987
2019-12-06,-0.2756127167958766
2019-12-07,-0.34076503043373424
2019-12-08,-0.0285252556204795
2019-12-09,0.1614240827038884
2019-12-10,-0.3562006205320358
2019-12-11,0.1314395597347846
2019-12-12,0.11419153898954387
2019-12-14,0.09937714847425616
2019-12-15,0.11986889441808062
2019-12-16,0.10998486975828804
2019-12-17,0.1965777829289436
2019-12-18,-0.11415550857782365
2019-12-20,0.034623759984970096
2019-12-21,0.2763343751430511
2019-12-23,0.051081138779409244
2019-12-25,-0.0425805076956748
2019-12-26,0.3301567230373621
2019-12-30,-0.07771138399839397
2019-12-31,0.2014650553464889
2020-01-01,0.2751655578613281
2020-01-02,0.2564355432987213
2020-01-03,-0.053730845451354994
2020-01-05,0.18815878033638
2020-01-06,-0.0567545841137568
2020-01-07,-0.015931121384104092
2020-01-08,-0.06210962147451935
2020-01-09,0.11613698947158722
2020-01-10,0.1626272052526474
2020-01-11,0.174356497824192
2020-01-13,0.29828180372714996
2020-01-14,-0.003238499909639364
2020-01-15,-0.012108903378248244
2020-01-16,0.0406773374415934
2020-01-17,-0.1461574435234069
2020-01-18,0.1150706112384796
2020-01-20,-0.1510304845869541
2020-01-21,-0.03859116633733112
2020-01-22,0.20531616359949112
2020-01-24,0.21349604427814484
2020-01-25,0.1792984306812286
2020-01-26,0.0921741910278797
2020-01-27,-0.19813041016459465
2020-01-28,0.0277250967919826
2020-01-29,0.023625595308840286
2020-01-30,0.04789406061172485
2020-01-31,-0.24677206327517828
2020-02-01,0.07566386461257933
2020-02-03,0.0751668229155863
2020-02-04,0.1833642721176147
2020-02-05,0.04115288145840165
2020-02-07,-0.17409784439951181
2020-02-08,0.4836752414703369
2020-02-10,0.06374382786452763
2020-02-11,0.2179253002007802
2020-02-13,0.1437596293787161
2020-02-14,0.18456558138132093
2020-02-16,0.20440778508782384
2020-02-17,-0.3133763372898102
2020-02-18,-0.1282466322183609
2020-02-19,0.00016354490071534764
2020-02-20,-0.10096464306116106
2020-02-21,-0.3523640632629394
2020-02-22,0.08035624772310254
2020-02-24,-0.024374105036258698
2020-02-25,-0.18248952180147177
2020-02-26,0.0845713764429092
2020-02-27,0.2720479301310011
2020-02-28,0.2568965721875429
2020-03-01,0.2908331155776977
2020-03-02,0.06101228948682547
2020-03-03,0.1875141561031341
2020-03-04,-0.0120528480038046
2020-03-05,-0.03262495249509812
2020-03-06,-0.3309407903191944
2020-03-07,-0.1454630871303379
2020-03-08,0.24360598623752588
2020-03-09,-0.2087212045277868
2020-03-10,-0.12771403383729713
2020-03-11,-0.17073068898171181
2020-03-12,-0.20486404336988925
2020-03-13,-0.10633273236453535
2020-03-15,-0.310829147696495
2020-03-16,-0.10400789904479796
2020-03-17,-0.13350087652603784
2020-03-18,-0.2467866080502669
2020-03-19,-0.1408033177256584
2020-03-20,-0.3627890832722187
2020-03-23,0.035340451635420315
2020-03-24,-0.12788877356797454
2020-03-25,-0.07553968951106073
2020-03-26,0.05079705826938153
2020-03-27,0.013033710420131697
2020-03-30,-0.1051902545150369
2020-03-31,0.16298251847426096
2020-04-01,-0.1701595932245254
2020-04-02,0.16772701963782308
2020-04-03,-0.07752448746136258
2020-04-04,-0.0147543027997016
2020-04-05,-0.208168938755989
2020-04-06,0.0502334870398045
2020-04-07,0.23463569208979607
2020-04-08,-0.05011822991073133
2020-04-09,-0.23645583260804415
2020-04-10,0.012825548648834253
2020-04-11,0.15086530148983
2020-04-13,0.021183345466852202
2020-04-14,-0.016765495762228952
2020-04-15,0.1511260146896045
2020-04-16,0.04657179436513354
2020-04-17,-0.14523409388493747
2020-04-18,-0.1528568863868713
2020-04-19,-0.4160509705543518
2020-04-20,-0.14555400609970093
2020-04-21,-0.4382089674472809
2020-04-22,-0.35023489594459534
2020-04-23,0.16336548328399655
2020-04-24,-0.4065435230731964
2020-04-25,-0.10751853138208389
2020-04-27,-0.21915163099765778
2020-04-28,0.05800144001841543
2020-04-29,0.04027675837278365
2020-05-02,-0.028293401002883883
2020-05-03,-0.0080544780939817
2020-05-04,-0.006041120737791023
2020-05-05,0.0307559035718441
2020-05-06,0.0261989636346697
2020-05-07,0.07698977531658276
2020-05-08,-0.02935125038493425
2020-05-09,-0.06916896998882294
2020-05-10,-0.08973173052072529
2020-05-11,-0.20991169770850854
2020-05-12,-0.017379571528484433
2020-05-13,-0.21873611435294146
2020-05-14,0.04644263768568635
2020-05-15,-0.2959620952606201
2020-05-16,0.1283927857875824
2020-05-17,0.2505220770835876
2020-05-18,-0.03895230144262312
2020-05-19,0.09545729756355284
2020-05-20,-0.07944465801119804
2020-05-21,-0.09052784953798564
2020-05-24,-0.19880962123473486
2020-05-25,-0.13369112834334373
2020-05-26,0.0151090382714756
2020-05-27,0.05334346368908885
2020-05-28,0.2571731805801391
2020-05-29,0.16805377602577204
2020-05-30,0.1204410915573438
2020-06-01,-0.01598156988620757
2020-06-02,0.13370121837360782
2020-06-03,-0.01390600407665425
2020-06-04,-0.16292662074168524
2020-06-05,0.10528724640607832
2020-06-06,-0.006749031444390634
2020-06-07,0.14743029698729515
2020-06-08,-0.006076011806726465
2020-06-09,-0.08906146511435505
2020-06-10,-0.1507052041590214
2020-06-11,-0.028665214776992798
2020-06-12,-0.04059356699387231
2020-06-13,0.0922139137983322
2020-06-14,0.34521691501140594
2020-06-15,0.039055302739143365
2020-06-16,-0.16458225250244138
2020-06-17,0.03014654070138929
2020-06-18,0.14233306050300595
2020-06-19,0.09268353092193136
2020-06-20,0.0738994142351051
2020-06-21,0.21601703763008115
2020-06-22,0.05078668100759382
2020-06-23,-0.015402320027351386
2020-06-24,0.002333631635540057
2020-06-25,-0.0058775451034307515
2020-06-26,-0.26129456361134845
2020-06-28,-0.1650949567556381
2020-06-29,0.03757649520412085
2020-06-30,-0.11104723438620567
2020-07-01,-0.06800871954432555
2020-07-02,0.15357643645256755
2020-07-03,-0.1966819614171981
2020-07-06,0.21275641769170758
2020-07-07,0.18377907077471414
2020-07-08,0.14551870757713914
2020-07-10,0.21428964038689932
2020-07-11,0.2691557109355926
2020-07-12,-0.0170662570744753
2020-07-13,0.0512559339404106
2020-07-14,-0.03214018791913987
2020-07-15,-0.021830181990350972
2020-07-16,0.2383513525128364
2020-07-17,-0.0035337370354682
2020-07-19,0.06939854472875594
2020-07-21,-0.0162553563714027
2020-07-23,0.11184791475534435
2020-07-24,-0.0199347224552184
2020-07-25,-0.3472186923027038
2020-07-27,-0.20483867824077606
2020-07-28,-0.2581381797790527
2020-07-29,0.1591580112775167
2020-07-30,0.08261576388031242
2020-07-31,0.034946055998179036
2020-08-01,0.17290879040956497
2020-08-02,-0.04913930226939556
2020-08-03,-0.13058596973617867
2020-08-04,0.147675234824419
2020-08-05,-0.24334593862295145
2020-08-06,-0.09057280297080676
2020-08-07,0.02696317144566111
2020-08-08,0.13933851569890976
2020-08-10,-0.12375941872596735
2020-08-11,0.1025914613689695
2020-08-12,-0.00337619427591565
2020-08-13,0.211506649851799
2020-08-14,-0.1249180883169174
2020-08-16,-0.2967090308666229
2020-08-17,-0.19613110721111296
2020-08-18,-0.1776472330093383
2020-08-19,-0.09098460245877504
2020-08-21,-0.0367072895169258
2020-08-22,-0.0426241159439086
2020-08-23,0.2211258957783381
2020-08-24,0.0983007252216339
2020-08-25,-0.07418160140514374
2020-08-26,0.1726094583670298
2020-08-27,0.023356994614005
2020-08-28,-0.14602242658535636
2020-08-29,-0.0760870054364204
2020-09-01,0.2274908497929573
2020-09-02,0.08425717024753494
2020-09-03,-0.06859622736062321
2020-09-04,-0.1309778988361358
2020-09-05,-0.21178901195526117
2020-09-07,-0.071279838681221
2020-09-08,-0.03496934345457704
2020-09-09,0.10797074189758858
2020-09-10,0.13823048258200288
2020-09-11,0.02128652793665724
2020-09-13,0.1730013787746429
2020-09-14,0.0935944689437747
2020-09-15,-0.04362892359495166
2020-09-16,-0.02365255542099472
2020-09-17,0.17924161255359644
2020-09-18,0.2434805035591125
2020-09-20,0.21598641077677402
2020-09-22,0.0924591775983572
2020-09-23,0.3055562078952789
2020-09-24,0.12824123601118725
2020-09-25,-0.05542732562337604
2020-09-27,0.2837234437465668
2020-09-28,0.13352444581687445
2020-09-29,-0.07115824023882546
2020-09-30,0.07092978954315188
2020-10-01,-0.03417357802391055
2020-10-02,0.14879860646194876
2020-10-03,0.18493353575468058
2020-10-05,0.2844890654087066
2020-10-06,-0.1071208231151104
2020-10-07,0.035543648293241796
2020-10-08,-0.3088155314326286
2020-10-09,-0.08346900095542277
2020-10-10,0.1287385057657957
2020-10-12,-0.1784723550081253
2020-10-13,0.20542156944672263
2020-10-15,-0.2340545207262039
2020-10-16,0.0324273146688938
2020-10-19,0.0601355917751789
2020-10-21,0.17457737454346245
2020-10-22,-0.2525458829477429
2020-10-26,0.2928427755832672
2020-10-27,0.2676572203636169
2020-10-30,0.0037240064702928
2020-11-03,-0.05078656226396559
2020-11-05,0.0408647088333964
2020-11-07,-0.2449631094932556
2020-11-16,0.1624135356396437
2020-11-18,-0.0746320076286793
2020-11-20,0.24628630280494684
2020-11-21,-0.307134598493576
2020-11-24,0.0287143606692552
2020-11-25,0.1167723834514617
2020-11-26,-0.3455885350704193
2020-11-27,0.2634477019309997
2020-11-28,-0.0644815908744931
2020-11-29,0.06259138137102124
2020-11-30,0.1494741548473636
2020-12-01,-0.08645395189523693
2020-12-02,0.03197141364216805
2020-12-03,-0.389043390750885
2020-12-04,0.07363671530038118
2020-12-05,0.2554520070552826
2020-12-07,0.2475364084045092
2020-12-08,0.05304626002907753
2020-12-10,0.13440602272748942
2020-12-11,0.3263358771800995
2020-12-12,-0.1648417512575785
2020-12-15,0.1834740191698074
2020-12-16,-0.0591007340699434
2020-12-18,0.11363628351440037
2020-12-19,0.2199881374835968
2020-12-21,0.11410561452309287
2020-12-22,0.0647623389959335
2020-12-23,0.0307820858433842
2020-12-24,0.23752232640981671
2020-12-27,-0.008053198456764193
2020-12-28,-0.0005107248822848002
2020-12-30,0.044859950430691256
2020-12-31,0.1468707770109176
2021-01-01,-0.1089235544204711
2021-01-02,0.3900335729122162
2021-01-04,0.1516385916620493
2021-01-05,0.11108706252915515
2021-01-06,-0.018147152072439585
2021-01-07,0.3383573144674301
2021-01-08,0.18190755695104593
2021-01-09,0.1675872951745987
2021-01-10,-0.18708965182304377
2021-01-11,-0.11052579184373217
2021-01-12,0.225013867020607
2021-01-13,0.09234756603837013
2021-01-14,0.1608716621994972
2021-01-15,-0.0584465240438779
2021-01-16,0.1754776537418365
2021-01-18,0.0930530987679958
2021-01-19,-0.0493465475738048
2021-01-20,0.20649360120296473
2021-01-21,-0.12264192317213331
2021-01-22,-0.1158537034477506
2021-01-24,-0.2223755866289138
2021-01-25,-0.24352572858333585
2021-01-26,-0.16698751002550122
2021-01-27,-0.22476127720437944
2021-01-28,-0.16752441289524234
2021-01-29,-0.0719770739475886
2021-02-01,-0.21324661870797476
2021-02-02,-0.09875838458538055
2021-02-03,0.14076433889567855
2021-02-05,-0.16804458945989603
2021-02-08,0.335300974547863
2021-02-09,-0.01885092258453369
2021-02-10,0.1677238643169403
2021-02-12,0.1267431080341339
2021-02-15,0.2943485081195831
2021-02-16,-0.11644315657516317
2021-02-17,0.211128830909729
2021-02-18,-0.3595791459083557
2021-02-19,0.1043029800057411
2021-02-20,0.13531151041388506
2021-02-22,0.08964297175407407
2021-02-23,0.1190969794988632
2021-02-24,0.018332745347704214
2021-02-25,0.10828210989182646
2021-02-26,0.11866380926221608
2021-02-27,0.08930618986487386
2021-03-01,-0.011474272546668834
2021-03-02,0.08595183513326839
2021-03-04,0.041713289295633595
2021-03-05,0.10775445643812417
2021-03-06,0.16158317774534225
2021-03-07,0.13073530048131943
2021-03-08,0.1175526604056358
2021-03-09,0.16601828346028927
2021-03-10,0.2386641353368759
2021-03-11,0.00542245793621985
2021-03-12,-0.1049095187336206
2021-03-13,-0.23594436049461362
2021-03-14,-0.1780984848737716
2021-03-15,0.3618006110191345
2021-03-16,0.08675953978672624
2021-03-17,-0.09696504970391594
2021-03-18,-0.3056428134441376
2021-03-20,0.15456881374120712
2021-03-22,0.1245143115520477
2021-03-23,0.028056004550308
2021-03-24,0.09197768568992609
2021-03-25,-0.022202907928398713
2021-03-27,-0.4180805683135986
2021-03-29,0.3105599582195282
2021-03-30,0.134641095995903
2021-04-01,0.25045415386557573
2021-04-04,-0.0436174795031547
2021-04-05,0.17516708672046663
2021-04-06,-0.1202591061592102
2021-04-07,-0.0503474241122603
2021-04-08,-0.0304558612406253
2021-04-09,0.2856382727622986
2021-04-11,0.037120118737220736
2021-04-12,0.03811954458554584
2021-04-13,0.2056440971791744
2021-04-14,0.3116973042488098
2021-04-15,0.3695583939552307
2021-04-16,0.20034556463360786
2021-04-18,0.2473131716251373
2021-04-19,0.1308497488498687
2021-04-20,-0.012122339879473032
2021-04-21,0.11175796762108801
2021-04-22,0.05024151876568796
2021-04-23,0.12692571729421612
2021-04-24,-0.0731281191110611
2021-04-26,0.23467147350311274
2021-04-27,0.3039247989654541
2021-04-28,0.2596726827323437
2021-04-29,0.13043310120701784
2021-04-30,-0.243521012365818
2021-05-03,0.08485568687319756
2021-05-05,-0.2558904886245727
2021-05-06,0.1025967840105295
2021-05-07,-0.015245147049427032
2021-05-08,0.22323382149140034
2021-05-09,0.2855823338031769
2021-05-10,-0.037660367786884294
2021-05-11,0.14602349419146773
2021-05-12,-0.0500927232205867
2021-05-13,0.1396803706884384
2021-05-14,-0.013355055823922143
2021-05-16,0.09816062947114305
2021-05-17,0.07725861854851246
2021-05-18,0.14103938639163963
2021-05-19,-0.1472376585006714
2021-05-20,0.15420216818650564
2021-05-21,0.2239675372838974
2021-05-22,0.3423406034708023
2021-05-23,0.4852346777915954
2021-05-24,0.07060742050307453
2021-05-25,0.304569698870182
2021-05-27,0.09322794899344443
2021-05-28,-0.097835287451744
2021-05-29,0.08126810193061826
2021-05-31,-0.2088162302970886
2021-06-01,0.10719224313894908
2021-06-02,0.03296270500868555
2021-06-03,0.24817078436414397
2021-06-05,0.25156340375542635
2021-06-07,0.045474410057067864
2021-06-08,0.14832683838903904
2021-06-09,-0.19808307290077204
2021-06-11,0.20296334226926163
2021-06-12,-0.0780806392431259
2021-06-13,-0.2990478575229645
2021-06-14,0.4358898997306824
2021-06-15,-0.047480113804340335
2021-06-16,0.053260258088509295
2021-06-17,0.018303607280055686
2021-06-18,-0.02122146962210532
2021-06-19,-0.1764098051935434
2021-06-21,0.03831981122493743
2021-06-22,0.0006280049681663624
2021-06-23,0.2283695787191391
2021-06-24,0.3301103711128235
2021-06-25,0.1842282712459564
2021-06-26,0.027175818880399095
2021-06-27,0.0457715988159179
2021-06-29,0.2767690122127533
2021-06-30,0.15705799808104828
2021-07-01,-0.329915851354599
2021-07-02,0.19032140324513114
2021-07-03,-0.037052400410175296
2021-07-06,0.25391457974910736
2021-07-07,0.08726306166499848
2021-07-08,0.26262345165014267
2021-07-09,0.2644657790660858
2021-07-11,0.1663381308317184
2021-07-13,0.1168087795376777
2021-07-14,0.3575847148895263
2021-07-16,0.21394350007176396
2021-07-17,0.3021398484706878
2021-07-19,0.04486746620386838
2021-07-20,0.16791685173908863
2021-07-21,0.07997006550431249
2021-07-22,0.18151746690273285
2021-07-24,0.1579093933105468
2021-07-26,0.21065362542867655
2021-07-29,-0.1052472740411758
2021-07-31,0.1034462675452232
2021-08-02,0.1179144084453582
2021-08-03,0.15090241034825644
2021-08-04,0.3464219391345978
2021-08-05,0.32288250848650935
2021-08-06,0.15725211799144745
2021-08-09,0.07122303266078231
2021-08-10,0.26035685340563447
2021-08-11,0.05866300407797095
2021-08-12,0.2171317040920257
2021-08-13,-0.0078034228645265
2021-08-15,0.3428404331207275
2021-08-17,-0.281740553677082
2021-08-19,-0.265708178281784
2021-08-20,-0.2799364924430847
2021-08-21,0.2781778275966644
2021-08-23,0.1779567301273346
2021-08-24,0.1242011040449142
2021-08-25,0.1592574566602707
2021-08-27,-0.050133079290390015
2021-08-31,0.1511960203448931
2021-09-01,0.17015014588832855
2021-09-02,0.2006469319264094
2021-09-03,0.0870300531387329
2021-09-07,0.13843640685081485
2021-09-08,-0.13809614876906076
2021-09-09,0.09223469439893955
2021-09-10,0.2295780479907989
2021-09-13,0.10638373345136641
2021-09-14,0.12212421186268325
2021-09-15,0.18331773579120633
2021-09-16,0.14053154885768887
2021-09-17,0.10463299974799159
2021-09-20,0.0932250767946243
2021-09-21,-0.03023499250411988
2021-09-22,0.19381370022892946
2021-09-23,0.009464198490604751
2021-09-24,-0.0060018454678356
2021-09-27,0.09305709600448607
2021-09-28,0.07347870850935574
2021-09-29,0.20936650596559042
2021-09-30,0.03721968332926432
2021-10-01,0.25318081428607303
2021-10-04,0.0521409939974546
2021-10-05,0.10840875903765357
2021-10-06,0.25735382810235025
2021-10-07,0.10328990593552584
2021-10-08,-0.07187432299057643
2021-10-09,0.138001263141632
2021-10-11,-0.117734357714653
2021-10-12,-0.1452843099832534
2021-10-13,0.08661426852146786
2021-10-15,0.1834072330966592
2021-10-16,0.022742854431271553
2021-10-17,0.2859554290771484
2021-10-18,-0.2451816350221634
2021-10-19,-0.2406885176897049
2021-10-20,0.057148341089487104
2021-10-21,0.15203729737550017
2021-10-22,0.17751103887955344
2021-10-23,0.06962293572723863
2021-10-24,-0.2681343555450439
2021-10-25,0.1245044395327568
2021-10-26,0.1584135368466377
2021-10-27,-0.016449394822120655
2021-10-28,-0.04930971562862396
2021-10-29,0.2564533328016599
2021-10-30,0.3264858722686767
2021-10-31,0.0657395273447036
2021-11-01,0.2260587811470031
2021-11-02,0.2188695073127746
2021-11-03,-0.0224526400367419
2021-11-04,0.3205288425087929
2021-11-05,0.01768120857221736
2021-11-06,0.16512470971792934
2021-11-07,0.0988219678401947
2021-11-08,-0.230103399604559
2021-11-10,0.03793655335903167
2021-11-11,0.2735228985548019
2021-11-12,-0.01324434578418729
2021-11-15,0.1458403542637825
2021-11-16,0.0272326134145259
2021-11-17,0.0811329334974289
2021-11-18,0.12564749491866678
2021-11-19,-0.1692195534706115
2021-11-22,0.2459060996770858
2021-11-23,-0.1309515088796615
2021-11-24,0.09052974346559495
2021-11-25,0.1801487387468417
2021-11-26,0.3149065375328064
2021-11-27,-0.10508106090128425
2021-11-29,-0.3986404836177826
2021-12-01,-0.12554417053858438
2021-12-02,-0.352068692445755
2021-12-03,0.0592178180813789
2021-12-06,0.0174913220107555
2021-12-07,-0.0072855576872825996
2021-12-09,0.15035517811775206
2021-12-10,-0.2388794273138046
2021-12-12,-0.0042279744520783
2021-12-13,0.06959245602289833
2021-12-14,-0.02412513643503185
2021-12-15,-0.0170737635344266
2021-12-16,0.23246882359186807
2021-12-17,0.2259099930524826
2021-12-24,0.1694606244564056
2021-12-26,0.2763339281082153
2021-12-27,-0.20433872938156128
2021-12-28,0.10878994129598141
2021-12-29,0.23573918640613556
2022-01-03,0.09178834656874335
2022-01-04,0.09272454927364983
2022-01-05,0.22179340720176696
2022-01-06,0.07756728927294414
2022-01-07,0.0020375620159837965
2022-01-08,-0.037594089517369894
2022-01-09,-0.048099085688590976
2022-01-10,0.05527569353580475
2022-01-11,0.15667136199772355
2022-01-12,0.28796808049082756
2022-01-13,0.0898089123268922
2022-01-14,0.2595455944538116
2022-01-15,0.002079237252473831
2022-01-16,0.2474366128444671
2022-01-18,-0.1953635066747665
2022-01-19,0.06897710263729095
2022-01-20,0.09431989615162212
2022-01-21,-0.2952653169631958
2022-01-22,-0.051513604819774655
2022-01-24,0.1405521012842655
2022-01-25,0.0154248317703604
2022-01-27,0.0053346152417361
2022-01-28,0.2782720774412155
2022-01-29,0.3171294257044792
2022-01-30,-0.14205507189035418
2022-01-31,0.11476611495018003
2022-02-01,0.1470815502107143
2022-02-02,0.18354688882827758
2022-02-03,0.1366316247731447
2022-02-04,0.21213948260992765
2022-02-06,0.008098216727376002
2022-02-07,0.2585594952106476
2022-02-08,0.2125562826792399
2022-02-09,-0.028243031973640125
2022-02-10,0.20387539764245344
2022-02-11,0.18880809098482126
2022-02-13,0.3763206601142883
2022-02-14,0.29750108718872065
2022-02-15,0.11271157301962374
2022-02-16,0.02435166637102763
2022-02-18,-0.3492156565189361
2022-02-19,-0.1123308017849922
2022-02-20,0.03087604418396947
2022-02-21,0.0387197807431221
2022-02-22,-0.07385317236185074
2022-02-23,0.08879707753658295
2022-02-24,0.09137959008176738
2022-02-25,0.0580071185831912
2022-02-26,0.1203237548470497
2022-03-01,0.18266402184963224
2022-03-02,-0.1003027677536011
2022-03-03,0.05421181712299583
2022-03-04,0.033739760518074036
2022-03-05,0.2070430070161819
2022-03-06,0.4050228893756866
2022-03-07,-0.11022244518001874
2022-03-08,0.08641217400630313
2022-03-09,0.16909926881392792
2022-03-10,-0.05916994748016199
2022-03-11,-0.12081687024328858
2022-03-12,-0.12962094601243734
2022-03-13,0.09018514057000476
2022-03-15,0.3840719312429428
2022-03-16,0.1643508225679397
2022-03-17,0.14283370226621625
2022-03-18,-0.28145435866382384
2022-03-19,-0.015982627868652316
2022-03-20,-0.3710654079914093
2022-03-21,0.04440684119860327
2022-03-22,-0.09143974880377452
2022-03-23,0.2477416979769866
2022-03-24,-0.17709526419639585
2022-03-25,0.23064732085913417
2022-03-26,0.2418621033430099
2022-03-27,0.24776424467563624
2022-03-29,-0.216822796397739
2022-03-30,-0.09500589449372558
2022-03-31,0.0342222541570663
2022-04-01,0.2700864933431148
2022-04-02,0.292731374502182
2022-04-03,0.024791268631815896
2022-04-04,-0.07231094241142272
2022-04-05,-0.2140601575374603
2022-04-07,0.10064559072171422
2022-04-08,-0.18182599792877832
2022-04-11,-0.15262612816877666
2022-04-12,0.24556247889995567
2022-04-13,0.2369336634874344
2022-04-14,0.3097471371293068
2022-04-16,0.007136210799217196
2022-04-17,0.2003779262304306
2022-04-18,0.20019674354261954
2022-04-20,-0.4703702926635742
2022-04-21,0.22626312325398124
2022-04-22,0.24191563890781256
2022-04-23,0.1291074613109231
2022-04-25,0.3428786620497703
2022-04-26,0.07569118775427339
2022-04-27,0.046119183301925645
2022-04-28,0.16443298757076266
2022-04-29,0.2268276363611221
2022-04-30,0.04161960445344445
2022-05-02,0.002174239605665207
2022-05-03,-0.11491432302864266
2022-05-04,0.06468908488750458
2022-05-05,0.16990642994642258
2022-05-06,0.0594336949288845
2022-05-07,0.4130366196235021
2022-05-08,0.3444002866744995
2022-05-09,-0.2102444730699062
2022-05-10,0.04949700608849524
2022-05-12,0.06871357808510457
2022-05-13,0.31540274620056147
2022-05-16,0.2736792266368866
2022-05-17,-0.0050265360623598
2022-05-18,0.1088761240243911
2022-05-19,0.17759894393384454
2022-05-20,0.19335719197988505
2022-05-21,0.22018008679151535
2022-05-23,0.1404759436845779
2022-05-24,0.0028349881370861954
2022-05-25,0.1242849417030811
2022-05-26,-0.006872949500878596
2022-05-27,0.07647163048386578
2022-05-28,0.1701476573944091
2022-05-29,0.005833726376295
2022-05-31,0.10128877827082756
2022-06-01,-0.25660113493601483
2022-06-02,0.02022340893745421
2022-06-03,-0.04643721133470535
2022-06-04,0.0529874302446842
2022-06-06,-0.2267468422651291
2022-06-07,-0.0787949487566948
2022-06-08,0.13167181909084316
2022-06-09,0.089673113077879
2022-06-10,0.28289858996868134
2022-06-11,0.1999698902169863
2022-06-12,0.1967608481645584
2022-06-13,0.0621701180934906
2022-06-14,0.4502686560153961
2022-06-15,0.04026083361047006
2022-06-17,-0.0375001654028892
2022-06-20,-0.043633971363306
2022-06-21,0.14872900148232773
2022-06-22,-0.2849564552307129
2022-06-23,-0.04233294228712717
2022-06-24,0.17302034050226206
2022-06-25,-0.1616919301450252
2022-06-27,0.16744880502422652
2022-06-29,0.3293938338756561
2022-06-30,0.172232449054718
2022-07-01,0.1802316159009933
2022-07-02,-0.2067302614450454
2022-07-04,-0.0406799428164958
2022-07-05,-0.010947065427899352
2022-07-06,0.24656980335712433
2022-07-07,0.21848073601722715
2022-07-08,0.3230918422341346
2022-07-09,0.151827797293663
2022-07-11,0.0638966020196676
2022-07-12,0.0697153601795435
2022-07-13,0.10994578897953033
2022-07-14,0.13791140324125686
2022-07-15,-0.0228335112333298
2022-07-17,0.4053317308425903
2022-07-18,0.1921916007995605
2022-07-19,0.2499175667762756
2022-07-20,0.10507080331444735
2022-07-22,0.23996780564387632
2022-07-23,0.1012858226895332
2022-07-25,0.2346226274967193
2022-07-26,0.11613258533179761
2022-07-27,0.2501541972160339
2022-07-28,0.05837783887982369
2022-07-29,0.3763124744097392
2022-07-31,-0.0726562291383743
2022-08-01,-0.2522715979721397
2022-08-02,-0.024709165096283
2022-08-03,-0.06454550102353095
2022-08-04,0.28122176229953766
2022-08-05,0.06822568159550427
2022-08-06,0.1610552221536636
2022-08-09,-0.1513990312814712
2022-08-10,0.2121893713871638
2022-08-11,0.03178743397196133
2022-08-13,0.2588072195649147
2022-08-16,0.42088472843170166
2022-08-17,0.13450642488896847
2022-08-18,-0.08000225014984605
2022-08-20,-0.1050094962120056
2022-08-22,0.1963066160678863
2022-08-23,0.15889063775539397
2022-08-24,0.1570175141096115
2022-08-26,0.2448127475799992
2022-08-30,0.3272412717342376
2022-08-31,0.3549119234085083
2022-09-02,0.2327807880938053
2022-09-07,0.0060373991727828
2022-09-08,6.699429026672215e-05
2022-09-09,0.03160997231801349
2022-09-10,-0.02249816184242567
2022-09-11,0.10345283150672914
2022-09-12,0.2722317576408386
2022-09-13,0.2722317576408386
2022-09-14,0.1185664646327495
2022-09-15,-0.09143550569812457
2022-09-16,0.1909584142267704
2022-09-17,0.1281186044216156
2022-09-18,0.4857667088508606
2022-09-19,0.14960199408233163
2022-09-20,0.15903206542134285
2022-09-21,0.16588883070896066
2022-09-22,0.2660163938999176
2022-09-23,-0.132890373468399
2022-09-26,0.2582443356513977
2022-09-27,0.04256589338183405
2022-09-28,0.2950069606304168
2022-09-30,0.034571232274174704
2022-10-02,0.3185122609138489
2022-10-03,0.35920332868893934
2022-10-04,0.34117405116558075
2022-10-06,0.1907734349370002
2022-10-07,0.00389684736728671
2022-10-09,0.2816175818443298
2022-10-10,0.3039082884788513
2022-10-11,0.14500339925289152
2022-10-12,0.25416325777769083
2022-10-14,0.2254530787467956
2022-10-17,0.3522613942623138
2022-10-18,0.2548289746046066
2022-10-19,0.19252269156277174
2022-10-20,-0.0583761986345052
2022-10-21,0.20565802355607346
2022-10-24,-0.08017908222973341
2022-10-25,-0.03699969872832295
2022-10-26,0.04434235394001
2022-10-27,0.2618452236056327
2022-10-30,-0.0339278578758239
2022-10-31,0.2056990241010984
2022-11-01,0.2831317186355591
2022-11-02,-0.1038818880915641
2022-11-03,-0.1555637251585722
2022-11-04,0.10966137341327135
2022-11-05,0.1450675874948501
2022-11-06,0.47342649102211
2022-11-08,0.06474067419767382
2022-11-09,-0.07814880212148033
2022-11-10,0.28781758248805994
2022-11-12,0.1323972078971565
2022-11-14,0.435143232345581
2022-11-16,0.22587542086839676
2022-11-17,0.03140017949044705
2022-11-18,-0.3966763019561767
2022-11-20,0.2520146667957306
2022-11-21,0.08878246545791627
2022-11-22,0.19528822600841514
2022-11-27,0.1154443398118019
2022-11-28,-0.2592110832532247
2022-11-29,0.18589985044673085
2022-11-30,0.1361405402421951
2022-12-01,0.024662114679813406
2022-12-02,0.3751475811004638
2022-12-03,-0.0301496814936399
2022-12-04,-0.0050191202511390325
2022-12-05,0.4797477424144745
2022-12-06,-0.12313021781543891
2022-12-07,0.09399565805991487
2022-12-08,-0.2356967628002166
2022-12-09,0.46244917809963226
2022-12-12,0.1909357383847236
2022-12-13,0.42178866267204285
2022-12-14,-0.12142184749245641
2022-12-16,0.12914162129163745
2022-12-17,0.0797102600336074
2022-12-19,0.0555804893374443
2022-12-20,-0.0081440676003694
2022-12-21,0.1692494377493858
2022-12-22,0.2322808802127838
2022-12-23,0.2877036333084106
2022-12-24,0.2777451276779175
2022-12-25,-0.18082857131958
2022-12-28,-0.0558646023273468
2022-12-29,0.2047235295176506
2022-12-30,-0.0243432410061359
2023-01-03,0.0991236418485641
2023-01-04,0.4374616742134094
2023-01-05,0.2783003330696374
2023-01-07,-0.0528449900448322
2023-01-08,0.2174324691295623
2023-01-09,0.3266710937023163
2023-01-10,-0.19419798254966736
2023-01-11,0.10813250485807649
2023-01-12,0.08674331630269683
2023-01-13,0.27249063923954964
2023-01-15,0.27638827264308924
2023-01-17,0.2327940016984939
2023-01-18,0.1594701707363128
2023-01-19,0.12858992815017695
2023-01-20,0.044610117872556
2023-01-21,0.2865647971630096
2023-01-23,0.33410637577374774
2023-01-24,0.3297202587127685
2023-01-25,0.5072126388549805
2023-01-26,0.3482181131839752
2023-01-27,0.1665117889642715
2023-01-30,0.2805548310279846
2023-02-01,0.15891492180526257
2023-02-03,0.06953327171504493
2023-02-08,0.1333762419720491
2023-02-10,0.20733242295682425
2023-02-11,0.1243908479809761
2023-02-12,0.1532569229602813
2023-02-13,-0.4991945624351501
2023-02-14,0.15718606859445564
2023-02-15,-0.0234984960407018
2023-02-17,-0.2383381426334381
2023-02-18,-0.1057433485984802
2023-02-20,0.2294348751505216
2023-02-22,0.2759222686290741
2023-02-23,0.18209758810698978
2023-02-24,-0.09424072504043579
2023-02-25,0.30600140988826746
2023-02-26,0.1983695551753044
2023-02-27,0.26789284745852154
2023-02-28,0.0435169180855155
2023-03-01,0.2365728765726089
2023-03-02,0.0014815554022789001
2023-03-03,-0.028967278699080168
2023-03-04,-0.033072956527272906
2023-03-06,0.009773186873644568
2023-03-07,-0.1609796583652496
2023-03-08,0.21535017341375345
2023-03-09,0.11712746880948538
2023-03-10,0.07912958145607264
2023-03-14,-0.026980551580588038
2023-03-15,0.0278810895979404
2023-03-17,0.0565027501434087
2023-03-19,0.1083212345838546
2023-03-24,0.189022321254015
2023-03-25,0.2010917216539383
2023-03-26,-0.007389901464598065
2023-03-27,0.11465721949934958
2023-03-28,0.2490622252225875
2023-03-29,0.22781609495480856
2023-03-30,-0.038485682755708676
2023-04-01,-0.0085495971143245
2023-04-02,0.07470304022232689
2023-04-03,0.017983401815096528
2023-04-04,0.181623046596845
2023-04-05,0.2163978740572929
2023-04-06,0.11933503796656923
2023-04-07,0.03986667096614839
2023-04-09,-0.0441305190324783
2023-04-11,-0.03511022962629798
2023-04-12,0.31464208165804536
2023-04-13,0.10097456257790323
2023-04-15,0.36825759212176007
2023-04-16,0.02674326696433125
2023-04-17,0.06359618281324704
2023-04-18,0.2306613624095916
2023-04-19,0.301300473511219
2023-04-20,0.22015100469191864
2023-04-21,-0.0005443972186185
2023-04-23,0.3832334131002426
2023-04-24,0.05536229411760967
2023-04-25,0.2678535729646682
2023-04-26,0.0606078989803791
2023-04-27,0.1965148448944091
2023-04-29,0.23392857387661933
2023-04-30,0.1048227548599243
2023-05-01,0.506172776222229
2023-05-02,0.04584445804357529
2023-05-03,0.0975908078253269
2023-05-04,0.26889715077621595
2023-05-05,-0.09022786758012241
2023-05-06,0.46830615401268005
2023-05-07,0.070634376257658
2023-05-08,0.07232459386189777
2023-05-09,-0.0831187715133031
2023-05-10,-0.3774949312210083
2023-05-11,0.089646503329277
2023-05-12,-0.0377372540533542
2023-05-13,-0.06584473450978594
2023-05-14,0.1321560442447662
2023-05-16,-0.14770127087831494
2023-05-17,-0.1149633638560772
2023-05-18,-0.02702016104012725
2023-05-19,0.07954243144818714
2023-05-21,0.2743689864873886
2023-05-22,0.04221897479146715
2023-05-23,-0.1478535681962967
2023-05-24,-0.3104608356952667
2023-05-26,-0.0602563060820103
2023-05-28,0.01294207572937009
2023-05-30,0.06837779283523557
2023-05-31,0.2135252654552459
2023-06-01,-0.2131074219942093
2023-06-07,0.1135023683309555
2023-06-08,0.21289994815985358
2023-06-11,0.5286640524864197
2023-06-13,0.09967907965183256
2023-06-14,-0.25780401565134525
2023-06-15,0.11242475360631941
2023-06-16,0.057426882286866494
2023-06-19,0.13212955991427103
2023-06-20,0.1833642125129699
2023-06-21,0.15767695878942808
2023-06-22,-0.0787762797531636
2023-06-23,-0.3913322687149048
2023-06-24,0.010158009827137
2023-06-26,-0.06471012718975544
2023-06-29,0.3439293503761291
2023-07-02,-0.0554943047463893
2023-07-04,0.3732296526432037
2023-07-07,0.0823456346988678
2023-07-10,0.21173657476902
2023-07-11,0.06935432553291321
2023-07-12,0.19595381757244465
2023-07-13,-0.2123526036739349
2023-07-14,0.14980676956474775
2023-07-15,-0.0337648913264274
2023-07-20,-0.1763332635164261
2023-07-21,-0.0978246312588453
2023-07-23,0.2591973394155502
2023-07-24,0.1576187759637832
2023-07-25,0.1055442355573177
2023-07-26,0.11714818924665452
2023-07-27,0.1042269356548786
2023-07-29,0.3831593990325928
2023-07-30,0.13207967877388
2023-07-31,0.010460658930242
2023-08-02,0.07791579142212865
2023-08-03,-0.07600545759002365
2023-08-05,0.43014777451753616
2023-08-07,-0.0730747729539871
2023-08-08,0.22580452635884285
2023-08-09,-0.0186527085800966
2023-08-11,0.15158981084823606
2023-08-12,-0.138831540942192
2023-08-13,0.2683747783303261
2023-08-15,0.0612640790641307
2023-08-16,0.0608783848583698
2023-08-17,-0.042001686990261
2023-08-18,0.17311264201998708
2023-08-19,0.5102347731590271
2023-08-20,0.2172434329986572
2023-08-21,0.2572594285011291
2023-08-23,0.1210218630731105
2023-08-24,-0.0622685067355632
2023-08-25,-0.04062987491488455
2023-08-30,0.2689808942377567
2023-08-31,0.1598914116621017
2023-09-01,0.077495276927948
2023-09-02,0.1694929301738739
2023-09-03,-0.3771559298038482
2023-09-05,0.1954318856199582
2023-09-06,0.08470550738275051
2023-09-10,-0.0255315378308296
2023-09-12,0.0709148049354553
2023-09-13,0.1901808232069015
2023-09-14,-0.1250734031200409
2023-09-15,0.15720192094643906
2023-09-16,-0.0814197212457657
2023-09-18,0.2419709451496601
2023-09-20,0.2194463089108467
2023-09-23,-0.0968540385365486
2023-09-24,0.08815972879528995
2023-09-25,0.2173157334327697
2023-09-26,0.3292584121227264
2023-09-27,-0.1152419298887252
2023-09-28,0.2285633832216262
2023-09-29,0.0510864332318306
2023-09-30,0.07447555235454013
2023-10-01,0.057732023298740415
2023-10-02,0.21344786882400504
2023-10-04,0.1976242661476135
2023-10-05,0.011539523800214122
2023-10-06,-0.0129374116659164
2023-10-07,0.3443362712860107
2023-10-09,-0.1271454840898513
2023-10-10,-0.3078568503260612
2023-10-11,-0.0462247394025325
2023-10-12,0.1147484304383397
2023-10-13,0.051579308044165384
2023-10-17,-0.01680135726928711
2023-10-18,-0.3669837713241577
2023-10-19,-0.4064841866493225
2023-10-20,0.16892529278993598
2023-10-22,0.1821449398994445
2023-10-23,-0.038148581236600865
2023-10-24,-0.001202507643029
2023-10-26,0.025143403094261895
2023-10-27,0.04564358666539185
2023-10-28,-0.0967901051044464
2023-10-30,0.1014844104647636
2023-11-02,0.4604659080505371
2023-11-04,0.1150945648550987
2023-11-05,0.005871333181858049
2023-11-06,-0.002195309381932
2023-11-07,0.5066942572593689
2023-11-08,0.3970247209072113
2023-11-09,-0.0489714667201042
2023-11-10,0.1276057660579681
2023-11-12,0.217382863163948
2023-11-14,-0.0781482607126236
2023-11-16,0.3827708065509796
2023-11-17,0.1036404222249984
2023-11-19,-0.017088942229747772
2023-11-21,0.2660669088363647
2023-11-22,0.0920199574902653
2023-11-23,0.14833567054434257
2023-11-27,-0.1142640709877014
2023-11-29,0.22198873758316034
2023-12-01,0.0448804199695587
2023-12-02,0.1943248137831687
2023-12-04,0.2905964851379394
2023-12-08,0.09009723365306854
2023-12-10,0.1578867882490158
2023-12-11,-0.356755793094635
2023-12-12,0.1563121229410171
2023-12-13,0.4862135052680969
2023-12-14,-0.011339426040649442
2023-12-15,0.14117338756720224
2023-12-19,0.060648156329989426
2023-12-20,-0.142060462385416
2023-12-21,-0.1765158921480178
2023-12-22,0.1493031531572342
2023-12-23,0.258987508714199
2023-12-24,0.11391922334829967
2023-12-26,-0.1309317797422409
2023-12-28,0.08192877192050214
2023-12-29,0.24614123627543444
2023-12-30,-0.1444089636206627
2024-01-01,0.09403610602021219
2024-01-02,0.0978614464402198
2024-01-03,0.04467255994677546
2024-01-04,-0.052430437412112944
2024-01-05,-0.036901216953992795
2024-01-06,0.26495862752199173
2024-01-08,0.3110301494598388
2024-01-09,0.1403581202030182
2024-01-11,-0.13507440686225886
2024-01-12,0.02385495230555535
2024-01-13,0.0620896965265274
2024-01-14,-0.0216919649392366
2024-01-15,-0.06832974404096599
2024-01-16,0.1250180155038833
2024-01-17,-0.022719047963619204
2024-01-19,0.093832328915596
2024-01-20,0.1189986690878868
2024-01-23,0.012380947591736871
2024-01-24,0.1224780529737472
2024-01-25,0.13175902018944421
2024-01-26,-0.1311863344827933
2024-01-27,-0.13639837006727853
2024-01-28,-0.02510693420966466
2024-01-29,0.17669898271560663
2024-01-31,-0.006120921671390517
2024-02-02,-0.185020312666893
2024-02-03,-0.0970831140875816
2024-02-04,-0.1055990681052208
2024-02-06,-0.1410309970378875
2024-02-12,-0.13229537382721895
2024-02-13,-0.12508893758058545
2024-02-14,0.18686570227146143
2024-02-15,0.03533851355314255
2024-02-16,0.2366304844617843
2024-02-17,0.17396132275462145
2024-02-18,0.11304246634244916
2024-02-19,-0.2603889107704162
2024-02-20,-0.04047587513923645
2024-02-21,0.0533937625586986
2024-02-22,-0.034780529141426084
2024-02-23,-0.00339209847152232
2024-02-24,0.20408607274293897
2024-02-25,0.1937240567058324
2024-02-26,0.014242475231488574
2024-02-27,-0.16666815429925916
2024-02-28,0.17176204706941328
2024-02-29,0.025340445339679694
2024-03-02,0.13871882359186807
2024-03-03,0.0805982332676649
2024-03-04,0.13305946625769136
2024-03-05,0.23800612241029734
2024-03-06,0.2347163930535316
2024-03-07,0.02251152449753135
2024-03-08,0.14730042964220044
2024-03-09,0.1090547265484929
2024-03-11,-0.0325204087421298
2024-03-12,0.0997795015573501
2024-03-13,0.1874153465032577
2024-03-14,0.10500159859657285
2024-03-15,0.0443707183003425
2024-03-18,0.1963137653656304
2024-03-19,0.3749728500843048
2024-03-20,-0.1090022400021553
2024-03-21,0.2586478690306345
2024-03-22,-0.006836514174938196
2024-03-23,0.37157142162323
2024-03-24,0.0964025296270847
2024-03-25,0.20682087788979217
2024-03-26,-0.050297655165195465
2024-03-27,-0.038687065243720994
2024-03-30,-0.04975244828632898
2024-03-31,0.10000278800725934
2024-04-01,0.1696609109640121
2024-04-02,0.3015105724334717
2024-04-03,0.0913818851113319
2024-04-05,0.1319448351860046
2024-04-06,0.1851840863625208
2024-04-07,0.23711548745632166
2024-04-08,0.189173882206281
2024-04-09,0.2097644358873367
2024-04-10,0.20627779761950168
2024-04-11,-0.2847803980112076
2024-04-12,0.04720914363861086
2024-04-13,0.055175726115703594
2024-04-14,0.13699897192418578
2024-04-15,0.11276664398610589
2024-04-16,0.2411714047193527
2024-04-17,0.266464352607727
2024-04-18,0.07582174986600874
2024-04-19,-0.1855110079050064
2024-04-20,0.30486028641462326
2024-04-21,0.1388150453567505
2024-04-22,-0.031343059847131344
2024-04-23,0.11655603605322538
2024-04-24,0.312301367521286
2024-04-25,0.0990068390965461
2024-04-26,-0.1321240104734897
2024-04-27,-0.1950191855430603
2024-04-28,0.2920791208744049
2024-04-29,0.1098157279193401
2024-04-30,0.08927143737673755
2024-05-02,0.2512972801923751
2024-05-03,0.15645635128021235
2024-05-04,-0.013137385249137892
2024-05-05,0.20696804920832315
2024-05-06,0.0414764508605003
2024-05-07,0.13535832134740694
2024-05-08,0.0974262878298759
2024-05-10,0.35196079313755035
2024-05-11,-0.22900252789258957
2024-05-12,0.20663701929152006
2024-05-13,-0.07485579699277876
2024-05-14,0.22182136401534075
2024-05-15,-0.33031893769900006
2024-05-16,-0.04198239557445047
2024-05-17,0.16409157067537303
2024-05-18,0.012922895451386732
2024-05-19,0.1390036791563034
2024-05-20,0.009983763098716736
2024-05-24,0.1584656983613968
2024-05-25,-0.12807484716176984
2024-05-26,0.1156003102660179
2024-05-27,0.16438864224723404
2024-05-28,0.07969596469774842
2024-05-29,0.2774124145507812
2024-05-30,0.04604749754071238
2024-05-31,-0.20136637985706335
2024-06-01,-0.13112233082453406
2024-06-02,0.0149165671318769
2024-06-04,0.050203936174511896
2024-06-05,0.3530577719211578
2024-06-06,0.18410742096602908
2024-06-07,0.01568716516097383
2024-06-08,-0.11437038518488404
2024-06-09,0.13101154565811154
2024-06-10,-0.3496905490756035
2024-06-11,-0.10183066874742511
2024-06-12,0.1616135090589523
2024-06-13,-0.0392714068293571
2024-06-15,-0.1052015572786331
2024-06-17,0.039803385734558105
2024-06-18,0.2617319673299789
2024-06-19,0.06901738047599792
2024-06-21,-0.1997457295656204
2024-06-24,0.04565929248929026
2024-06-25,0.1165038645267486
2024-06-27,0.18990352936089036
2024-06-28,-0.2322710553805033
2024-06-29,0.28164428720871604
2024-06-30,0.0946408603340387
2024-07-01,0.08480475842952725
2024-07-02,0.1566123515367508
2024-07-04,0.1664053611457348
2024-07-05,0.1679925620555877
2024-07-06,0.30137019356091815
2024-07-07,0.1835119575262069
2024-07-08,0.2359372824430465
2024-07-09,0.1568818539381027
2024-07-10,-0.006471181909243247
2024-07-12,-0.04448980465531348
2024-07-13,-0.1971096396446228
2024-07-14,0.2146307080984115
2024-07-15,0.1958334743976593
2024-07-16,0.09455830431155239
2024-07-17,0.368531733751297
2024-07-18,0.0812741816043853
2024-07-19,0.10577015904709694
2024-07-20,-0.0454808482900262
2024-07-22,0.3995983600616455
2024-07-23,0.1413352936506271
2024-07-25,0.2959788143634796
2024-07-27,0.1848047524690628
2024-07-28,0.13904437795281416
2024-07-29,-0.21916782110929484
2024-07-30,-0.04261329583823685
2024-07-31,0.2835510373115539
2024-08-01,0.26263133684794104
2024-08-02,0.2520520289738972
2024-08-03,0.3462554097175598
2024-08-04,-0.2332619428634643
2024-08-05,0.16324973106384275
2024-08-06,0.10683280415832991
2024-08-07,0.09175081551074984
2024-08-08,0.23848812840878966
2024-08-09,0.2810739800333977
2024-08-10,-0.239169031381607
2024-08-13,0.18005167692899704
2024-08-14,0.1777343302965164
2024-08-16,-0.0800044685602188
2024-08-17,0.21698760241270065
2024-08-18,0.11330372095108032
2024-08-20,0.152674987912178
2024-08-21,0.22996217012405396
2024-08-22,0.2563562542200088
2024-08-23,-0.10314163068930306
2024-08-24,0.36580878496170044
2024-08-25,-0.1606459468603134
2024-08-26,-0.07154243563612299
2024-08-27,0.1881896730046719
2024-08-28,0.016857206821441678
2024-08-29,-0.018769926081101066
2024-08-31,-0.1102378889918327
2024-09-01,0.031941439374350004
2024-09-02,0.10091713927353595
2024-09-03,0.09906558312165237
2024-09-04,0.08152781551082929
2024-09-06,0.161195695400238
2024-09-07,0.15935739129781726
2024-09-08,0.036219288781285275
2024-09-11,0.221852958202362
2024-09-12,-0.0458911508321762
2024-09-13,-0.180997610092163
2024-09-14,0.11077539436519146
2024-09-15,0.13078925870358943
2024-09-16,0.015719965100288405
2024-09-17,0.0330868661403656
2024-09-18,0.1068473309278488
2024-09-19,-0.4348556995391845
2024-09-20,0.10843856632709506
2024-09-21,0.1685344129800796
2024-09-22,0.3683673143386841
2024-09-23,0.0250537134706974
2024-09-24,0.1804737150669098
2024-09-25,0.2711352482438087
2024-09-26,0.01038715839385988
2024-09-27,0.1426660655221591
2024-09-28,-0.043649267405271544
2024-09-29,0.2003268152475357
2024-10-01,-0.3147672712802887
2024-10-04,0.185507521033287
2024-10-05,0.20090027153491968
2024-10-06,-0.2525110244750976
2024-10-10,-0.3270830810070038
2024-10-11,0.1872182786464691
2024-10-15,0.3534164428710937
2024-10-16,-0.03679045406170185
2024-10-17,0.3438615798950195
2024-10-20,0.3616902530193329
2024-10-21,0.06001025935014089
2024-10-23,0.10754097998142235
2024-10-24,0.2613643109798431
2024-10-26,0.1196100637316703
2024-10-28,-0.025982219725847244
2024-10-29,0.2697342932224273
2024-11-03,0.2093597203493118
2024-11-04,-0.0326584726572036
2024-11-05,0.07017967104911803
2024-11-06,0.03964594751596451
2024-11-07,0.12728699793418247
2024-11-08,0.3692147731781006
2024-11-09,0.41134950518608093
2024-11-10,0.12744536809623236
2024-11-12,0.16001815907657144
2024-11-13,0.23060189063350356
2024-11-14,0.4108998477458954
2024-11-15,0.0995769724249839
2024-11-16,0.1618300229310989
2024-11-17,-0.1836943477392196
2024-11-18,0.187808483839035
2024-11-19,0.021863571368157846
2024-11-20,0.15312886238098145
2024-11-21,0.3476262986660003
2024-11-22,0.06198007240891454
2024-11-23,-0.0547301173210144
2024-11-24,0.12905900552868846
2024-11-25,-0.0360277630388736
2024-11-26,0.1110147833824157
2024-11-27,0.146451860666275
2024-11-28,0.3010335266590118
2024-11-29,0.09862146899104116
2024-11-30,0.20905668288469315
2024-12-01,0.0921415984630585
2024-12-02,-0.2691061794757843
2024-12-04,0.353831797838211
2024-12-05,0.3679922819137573
2024-12-07,-0.207962155342102
2024-12-10,0.17579668760299674
2024-12-11,-0.19050728529691696
2024-12-12,0.2336196899414062
2024-12-14,0.0720073655247688
2024-12-16,0.04506552263046615
2024-12-17,-0.0115740438923239
2024-12-19,-0.21988345682621
2024-12-21,0.5223929286003113
2024-12-26,-0.2604357302188873
2024-12-27,-0.1000531315803527
2025-01-04,-0.2114943116903305
2025-01-06,-0.1993874609470367
2025-01-07,0.06116805598139765
2025-01-08,0.22128494828939435
2025-01-10,0.1487765461206436
2025-01-13,0.025944545865058885
2025-01-15,0.030980604887008663
2025-01-16,0.2539055347442627
2025-01-17,0.1571462290982405
2025-01-18,0.031972685945220305
2025-01-20,0.1170614063739776
2025-01-22,0.31511401385068893
2025-01-23,0.13726551644504068
2025-01-24,0.1693035364151001
2025-01-25,0.2607840895652771
2025-01-26,-0.0971931517124176
2025-01-27,0.3037468194961548
2025-01-28,-0.1686331927776336
2025-01-29,0.27084839840730024
2025-01-30,0.025594264734536375
2025-01-31,0.018388837575912503
2025-02-02,0.1086673647165298
2025-02-03,0.3644193708896637
2025-02-04,-0.1372665613889694
2025-02-05,0.2003338038921356
2025-02-07,0.3571456372737884
2025-02-08,0.1473497729748487
2025-02-10,0.28190930187702173
2025-02-11,0.0679661482572555
2025-02-12,-0.3478298634290695
2025-02-14,-0.1052532792091369
2025-02-17,0.2792298197746277
2025-02-18,0.1406107991933822
2025-02-20,0.0685450192540884
2025-02-21,0.042804496362805346
2025-02-22,-0.006169956177473096
2025-02-23,-0.1747870743274688
2025-02-26,0.020330940683682807
2025-02-27,0.2362639099359512
2025-02-28,0.22519327700138086
2025-03-01,0.1343062780797481
